{
  "__inputs": [],
  "__elements": {},
  "__requires": [
    {
      "type": "grafana",
      "id": "grafana",
      "name": "Grafana",
      "version": "9.0.5"
    },
    {
      "type": "panel",
      "id": "graph",
      "name": "Graph (old)",
      "version": ""
    },
    {
      "type": "datasource",
      "id": "prometheus",
      "name": "Prometheus",
      "version": "1.0.0"
    }
  ],
  "annotations": {
    "list": [
      {
        "builtIn": 1,
        "datasource": {
          "type": "datasource",
          "uid": "grafana"
        },
        "enable": true,
        "hide": true,
        "iconColor": "rgba(0, 211, 255, 1)",
        "name": "Annotations & Alerts",
        "target": {
          "limit": 100,
          "matchAny": false,
          "tags": [],
          "type": "dashboard"
        },
        "type": "dashboard"
      }
    ]
  },
  "description": "A dashboard for the CoreDNS DNS server with updated metrics for version 1.7.0+.  Based on the CoreDNS dashboard by buhay.",
  "editable": true,
  "fiscalYearStartMonth": 0,
  "gnetId": 12539,
  "graphTooltip": 0,
  "id": null,
  "links": [
    {
      "icon": "external link",
      "tags": [],
      "targetBlank": true,
      "title": "CoreDNS.io",
      "type": "link",
      "url": "https://coredns.io"
    }
  ],
  "liveNow": false,
  "panels": [
    {
      "aliasColors": {},
      "bars": false,
      "dashLength": 10,
      "dashes": false,
      "datasource": {
        "uid": "$datasource"
      },
      "editable": true,
      "error": false,
      "fieldConfig": {
        "defaults": {
          "links": []
        },
        "overrides": []
      },
      "fill": 1,
      "fillGradient": 0,
      "grid": {},
      "gridPos": {
        "h": 7,
        "w": 8,
        "x": 0,
        "y": 0
      },
      "hiddenSeries": false,
      "id": 2,
      "legend": {
        "avg": false,
        "current": false,
        "max": false,
        "min": false,
        "show": true,
        "total": false,
        "values": false
      },
      "lines": true,
      "linewidth": 2,
      "links": [],
      "nullPointMode": "connected",
      "options": {
        "alertThreshold": true
      },
      "percentage": false,
      "pluginVersion": "9.0.5",
      "pointradius": 5,
      "points": false,
      "renderer": "flot",
      "seriesOverrides": [
        {
          "alias": "total",
          "yaxis": 2
        }
      ],
      "spaceLength": 10,
      "stack": true,
      "steppedLine": false,
      "targets": [
        {
          "datasource": {
            "uid": "$datasource"
          },
          "expr": "sum(rate(coredns_dns_request_count_total{job=\"coredns\",instance=~\"$instance\"}[5m])) by (proto) or\nsum(rate(coredns_dns_requests_total{job=\"coredns\",instance=~\"$instance\"}[5m])) by (proto)",
          "format": "time_series",
          "interval": "",
          "intervalFactor": 2,
          "legendFormat": "{{proto}}",
          "refId": "A",
          "step": 60
        }
      ],
      "thresholds": [],
      "timeRegions": [],
      "title": "Requests (total)",
      "tooltip": {
        "shared": true,
        "sort": 2,
        "value_type": "individual"
      },
      "type": "graph",
      "xaxis": {
        "mode": "time",
        "show": true,
        "values": []
      },
      "yaxes": [
        {
          "format": "pps",
          "logBase": 1,
          "min": 0,
          "show": true
        },
        {
          "format": "pps",
          "logBase": 1,
          "min": 0,
          "show": true
        }
      ],
      "yaxis": {
        "align": false
      }
    },
    {
      "aliasColors": {},
      "bars": false,
      "dashLength": 10,
      "dashes": false,
      "datasource": {
        "uid": "$datasource"
      },
      "editable": true,
      "error": false,
      "fieldConfig": {
        "defaults": {
          "links": []
        },
        "overrides": []
      },
      "fill": 1,
      "fillGradient": 0,
      "grid": {},
      "gridPos": {
        "h": 7,
        "w": 8,
        "x": 8,
        "y": 0
      },
      "hiddenSeries": false,
      "id": 4,
      "legend": {
        "avg": false,
        "current": false,
        "max": false,
        "min": false,
        "show": true,
        "total": false,
        "values": false
      },
      "lines": true,
      "linewidth": 2,
      "links": [],
      "nullPointMode": "connected",
      "options": {
        "alertThreshold": true
      },
      "percentage": false,
      "pluginVersion": "9.0.5",
      "pointradius": 5,
      "points": false,
      "renderer": "flot",
      "seriesOverrides": [
        {
          "alias": "total",
          "yaxis": 2
        },
        {
          "alias": "other",
          "yaxis": 2
        }
      ],
      "spaceLength": 10,
      "stack": true,
      "steppedLine": false,
      "targets": [
        {
          "datasource": {
            "uid": "$datasource"
          },
          "expr": "sum(rate(coredns_dns_request_type_count_total{job=\"coredns\",instance=~\"$instance\"}[5m])) by (type) or \nsum(rate(coredns_dns_requests_total{job=\"coredns\",instance=~\"$instance\"}[5m])) by (type)",
          "interval": "",
          "intervalFactor": 2,
          "legendFormat": "{{type}}",
          "refId": "A",
          "step": 60
        }
      ],
      "thresholds": [],
      "timeRegions": [],
      "title": "Requests (by qtype)",
      "tooltip": {
        "shared": true,
        "sort": 2,
        "value_type": "individual"
      },
      "type": "graph",
      "xaxis": {
        "mode": "time",
        "show": true,
        "values": []
      },
      "yaxes": [
        {
          "format": "pps",
          "logBase": 1,
          "min": 0,
          "show": true
        },
        {
          "format": "pps",
          "logBase": 1,
          "min": 0,
          "show": true
        }
      ],
      "yaxis": {
        "align": false
      }
    },
    {
      "aliasColors": {},
      "bars": false,
      "dashLength": 10,
      "dashes": false,
      "datasource": {
        "uid": "$datasource"
      },
      "editable": true,
      "error": false,
      "fieldConfig": {
        "defaults": {
          "links": []
        },
        "overrides": []
      },
      "fill": 1,
      "fillGradient": 0,
      "grid": {},
      "gridPos": {
        "h": 7,
        "w": 8,
        "x": 16,
        "y": 0
      },
      "hiddenSeries": false,
      "id": 6,
      "legend": {
        "avg": false,
        "current": false,
        "max": false,
        "min": false,
        "show": true,
        "total": false,
        "values": false
      },
      "lines": true,
      "linewidth": 2,
      "links": [],
      "nullPointMode": "connected",
      "options": {
        "alertThreshold": true
      },
      "percentage": false,
      "pluginVersion": "9.0.5",
      "pointradius": 5,
      "points": false,
      "renderer": "flot",
      "seriesOverrides": [
        {
          "alias": "total",
          "yaxis": 2
        }
      ],
      "spaceLength": 10,
      "stack": true,
      "steppedLine": false,
      "targets": [
        {
          "datasource": {
            "uid": "$datasource"
          },
          "expr": "sum(rate(coredns_dns_request_count_total{job=\"coredns\",instance=~\"$instance\"}[5m])) by (zone) or\nsum(rate(coredns_dns_requests_total{job=\"coredns\",instance=~\"$instance\"}[5m])) by (zone)",
          "interval": "",
          "intervalFactor": 2,
          "legendFormat": "{{zone}}",
          "refId": "A",
          "step": 60
        }
      ],
      "thresholds": [],
      "timeRegions": [],
      "title": "Requests (by zone)",
      "tooltip": {
        "shared": true,
        "sort": 2,
        "value_type": "individual"
      },
      "type": "graph",
      "xaxis": {
        "mode": "time",
        "show": true,
        "values": []
      },
      "yaxes": [
        {
          "format": "pps",
          "logBase": 1,
          "min": 0,
          "show": true
        },
        {
          "format": "pps",
          "logBase": 1,
          "min": 0,
          "show": true
        }
      ],
      "yaxis": {
        "align": false
      }
    },
    {
      "aliasColors": {},
      "bars": false,
      "dashLength": 10,
      "dashes": false,
      "datasource": {
        "uid": "$datasource"
      },
      "editable": true,
      "error": false,
      "fieldConfig": {
        "defaults": {
          "links": []
        },
        "overrides": []
      },
      "fill": 1,
      "fillGradient": 0,
      "grid": {},
      "gridPos": {
        "h": 7,
        "w": 12,
        "x": 0,
        "y": 7
      },
      "hiddenSeries": false,
      "id": 8,
      "legend": {
        "avg": false,
        "current": false,
        "max": false,
        "min": false,
        "show": true,
        "total": false,
        "values": false
      },
      "lines": true,
      "linewidth": 2,
      "links": [],
      "nullPointMode": "connected",
      "options": {
        "alertThreshold": true
      },
      "percentage": false,
      "pluginVersion": "9.0.5",
      "pointradius": 5,
      "points": false,
      "renderer": "flot",
      "seriesOverrides": [
        {
          "alias": "total",
          "yaxis": 2
        }
      ],
      "spaceLength": 10,
      "stack": false,
      "steppedLine": false,
      "targets": [
        {
          "datasource": {
            "uid": "$datasource"
          },
          "expr": "sum(rate(coredns_dns_request_do_count_total{job=\"coredns\",instance=~\"$instance\"}[5m])) or\nsum(rate(coredns_dns_do_requests_total{job=\"coredns\",instance=~\"$instance\"}[5m]))",
          "interval": "",
          "intervalFactor": 2,
          "legendFormat": "DO",
          "refId": "A",
          "step": 40
        },
        {
          "datasource": {
            "uid": "$datasource"
          },
          "expr": "sum(rate(coredns_dns_request_count_total{job=\"coredns\",instance=~\"$instance\"}[5m])) or\nsum(rate(coredns_dns_requests_total{job=\"coredns\",instance=~\"$instance\"}[5m]))",
          "interval": "",
          "intervalFactor": 2,
          "legendFormat": "total",
          "refId": "B",
          "step": 40
        }
      ],
      "thresholds": [],
      "timeRegions": [],
      "title": "Requests (DO bit)",
      "tooltip": {
        "shared": true,
        "sort": 2,
        "value_type": "cumulative"
      },
      "type": "graph",
      "xaxis": {
        "mode": "time",
        "show": true,
        "values": []
      },
      "yaxes": [
        {
          "format": "pps",
          "logBase": 1,
          "min": 0,
          "show": true
        },
        {
          "format": "pps",
          "logBase": 1,
          "show": true
        }
      ],
      "yaxis": {
        "align": false
      }
    },
    {
      "aliasColors": {},
      "bars": false,
      "dashLength": 10,
      "dashes": false,
      "datasource": {
        "uid": "$datasource"
      },
      "editable": true,
      "error": false,
      "fieldConfig": {
        "defaults": {
          "links": []
        },
        "overrides": []
      },
      "fill": 1,
      "fillGradient": 0,
      "grid": {},
      "gridPos": {
        "h": 7,
        "w": 6,
        "x": 12,
        "y": 7
      },
      "hiddenSeries": false,
      "id": 10,
      "legend": {
        "avg": false,
        "current": false,
        "max": false,
        "min": false,
        "show": true,
        "total": false,
        "values": false
      },
      "lines": true,
      "linewidth": 2,
      "links": [],
      "nullPointMode": "connected",
      "options": {
        "alertThreshold": true
      },
      "percentage": false,
      "pluginVersion": "9.0.5",
      "pointradius": 5,
      "points": false,
      "renderer": "flot",
      "seriesOverrides": [
        {
          "alias": "tcp:90",
          "yaxis": 2
        },
        {
          "alias": "tcp:99 ",
          "yaxis": 2
        },
        {
          "alias": "tcp:50",
          "yaxis": 2
        }
      ],
      "spaceLength": 10,
      "stack": false,
      "steppedLine": false,
      "targets": [
        {
          "datasource": {
            "uid": "$datasource"
          },
          "expr": "histogram_quantile(0.99, sum(rate(coredns_dns_request_size_bytes_bucket{job=\"coredns\",instance=~\"$instance\",proto=\"udp\"}[5m])) by (le,proto))",
          "interval": "",
          "intervalFactor": 2,
          "legendFormat": "{{proto}}:99 ",
          "refId": "A",
          "step": 60
        },
        {
          "datasource": {
            "uid": "$datasource"
          },
          "expr": "histogram_quantile(0.90, sum(rate(coredns_dns_request_size_bytes_bucket{job=\"coredns\",instance=~\"$instance\",proto=\"udp\"}[5m])) by (le,proto))",
          "intervalFactor": 2,
          "legendFormat": "{{proto}}:90",
          "refId": "B",
          "step": 60
        },
        {
          "datasource": {
            "uid": "$datasource"
          },
          "expr": "histogram_quantile(0.50, sum(rate(coredns_dns_request_size_bytes_bucket{job=\"coredns\",instance=~\"$instance\",proto=\"udp\"}[5m])) by (le,proto))",
          "intervalFactor": 2,
          "legendFormat": "{{proto}}:50",
          "refId": "C",
          "step": 60
        }
      ],
      "thresholds": [],
      "timeRegions": [],
      "title": "Requests (size, udp)",
      "tooltip": {
        "shared": true,
        "sort": 0,
        "value_type": "cumulative"
      },
      "type": "graph",
      "xaxis": {
        "mode": "time",
        "show": true,
        "values": []
      },
      "yaxes": [
        {
          "format": "bytes",
          "logBase": 1,
          "min": 0,
          "show": true
        },
        {
          "format": "short",
          "logBase": 1,
          "min": 0,
          "show": true
        }
      ],
      "yaxis": {
        "align": false
      }
    },
    {
      "aliasColors": {},
      "bars": false,
      "dashLength": 10,
      "dashes": false,
      "datasource": {
        "uid": "$datasource"
      },
      "editable": true,
      "error": false,
      "fieldConfig": {
        "defaults": {
          "links": []
        },
        "overrides": []
      },
      "fill": 1,
      "fillGradient": 0,
      "grid": {},
      "gridPos": {
        "h": 7,
        "w": 6,
        "x": 18,
        "y": 7
      },
      "hiddenSeries": false,
      "id": 12,
      "legend": {
        "avg": false,
        "current": false,
        "max": false,
        "min": false,
        "show": true,
        "total": false,
        "values": false
      },
      "lines": true,
      "linewidth": 2,
      "links": [],
      "nullPointMode": "connected",
      "options": {
        "alertThreshold": true
      },
      "percentage": false,
      "pluginVersion": "9.0.5",
      "pointradius": 5,
      "points": false,
      "renderer": "flot",
      "seriesOverrides": [
        {
          "alias": "tcp:90",
          "yaxis": 1
        },
        {
          "alias": "tcp:99 ",
          "yaxis": 1
        },
        {
          "alias": "tcp:50",
          "yaxis": 1
        }
      ],
      "spaceLength": 10,
      "stack": false,
      "steppedLine": false,
      "targets": [
        {
          "datasource": {
            "uid": "$datasource"
          },
          "expr": "histogram_quantile(0.99, sum(rate(coredns_dns_request_size_bytes_bucket{job=\"coredns\",instance=~\"$instance\",proto=\"tcp\"}[5m])) by (le,proto))",
          "format": "time_series",
          "interval": "",
          "intervalFactor": 2,
          "legendFormat": "{{proto}}:99 ",
          "refId": "A",
          "step": 60
        },
        {
          "datasource": {
            "uid": "$datasource"
          },
          "expr": "histogram_quantile(0.90, sum(rate(coredns_dns_request_size_bytes_bucket{job=\"coredns\",instance=~\"$instance\",proto=\"tcp\"}[5m])) by (le,proto))",
          "format": "time_series",
          "interval": "",
          "intervalFactor": 2,
          "legendFormat": "{{proto}}:90",
          "refId": "B",
          "step": 60
        },
        {
          "datasource": {
            "uid": "$datasource"
          },
          "expr": "histogram_quantile(0.50, sum(rate(coredns_dns_request_size_bytes_bucket{job=\"coredns\",instance=~\"$instance\",proto=\"tcp\"}[5m])) by (le,proto))",
          "format": "time_series",
          "interval": "",
          "intervalFactor": 2,
          "legendFormat": "{{proto}}:50",
          "refId": "C",
          "step": 60
        }
      ],
      "thresholds": [],
      "timeRegions": [],
      "title": "Requests (size,tcp)",
      "tooltip": {
        "shared": true,
        "sort": 0,
        "value_type": "cumulative"
      },
      "type": "graph",
      "xaxis": {
        "mode": "time",
        "show": true,
        "values": []
      },
      "yaxes": [
        {
          "format": "bytes",
          "logBase": 1,
          "min": 0,
          "show": true
        },
        {
          "format": "short",
          "logBase": 1,
          "min": 0,
          "show": true
        }
      ],
      "yaxis": {
        "align": false
      }
    },
    {
      "aliasColors": {},
      "bars": false,
      "dashLength": 10,
      "dashes": false,
      "datasource": {
        "uid": "$datasource"
      },
      "editable": true,
      "error": false,
      "fieldConfig": {
        "defaults": {
          "links": []
        },
        "overrides": []
      },
      "fill": 1,
      "fillGradient": 0,
      "grid": {},
      "gridPos": {
        "h": 7,
        "w": 12,
        "x": 0,
        "y": 14
      },
      "hiddenSeries": false,
      "id": 14,
      "legend": {
        "avg": false,
        "current": false,
        "max": false,
        "min": false,
        "show": true,
        "total": false,
        "values": false
      },
      "lines": true,
      "linewidth": 2,
      "links": [],
      "nullPointMode": "connected",
      "options": {
        "alertThreshold": true
      },
      "percentage": false,
      "pluginVersion": "9.0.5",
      "pointradius": 5,
      "points": false,
      "renderer": "flot",
      "seriesOverrides": [],
      "spaceLength": 10,
      "stack": true,
      "steppedLine": false,
      "targets": [
        {
          "datasource": {
            "uid": "$datasource"
          },
          "expr": "sum(rate(coredns_dns_response_rcode_count_total{job=\"coredns\",instance=~\"$instance\"}[5m])) by (rcode) or\nsum(rate(coredns_dns_responses_total{job=\"coredns\",instance=~\"$instance\"}[5m])) by (rcode)",
          "interval": "",
          "intervalFactor": 2,
          "legendFormat": "{{rcode}}",
          "refId": "A",
          "step": 40
        }
      ],
      "thresholds": [],
      "timeRegions": [],
      "title": "Responses (by rcode)",
      "tooltip": {
        "shared": true,
        "sort": 2,
        "value_type": "individual"
      },
      "type": "graph",
      "xaxis": {
        "mode": "time",
        "show": true,
        "values": []
      },
      "yaxes": [
        {
          "format": "pps",
          "logBase": 1,
          "min": 0,
          "show": true
        },
        {
          "format": "short",
          "logBase": 1,
          "show": true
        }
      ],
      "yaxis": {
        "align": false
      }
    },
    {
      "aliasColors": {},
      "bars": false,
      "dashLength": 10,
      "dashes": false,
      "datasource": {
        "uid": "$datasource"
      },
      "editable": true,
      "error": false,
      "fieldConfig": {
        "defaults": {
          "links": []
        },
        "overrides": []
      },
      "fill": 1,
      "fillGradient": 0,
      "grid": {},
      "gridPos": {
        "h": 7,
        "w": 12,
        "x": 12,
        "y": 14
      },
      "hiddenSeries": false,
      "id": 32,
      "legend": {
        "avg": false,
        "current": false,
        "max": false,
        "min": false,
        "show": true,
        "total": false,
        "values": false
      },
      "lines": true,
      "linewidth": 2,
      "links": [],
      "nullPointMode": "connected",
      "options": {
        "alertThreshold": true
      },
      "percentage": false,
      "pluginVersion": "9.0.5",
      "pointradius": 5,
      "points": false,
      "renderer": "flot",
      "seriesOverrides": [],
      "spaceLength": 10,
      "stack": false,
      "steppedLine": false,
      "targets": [
        {
          "datasource": {
            "uid": "$datasource"
          },
          "expr": "histogram_quantile(0.99, sum(rate(coredns_dns_request_duration_seconds_bucket{job=\"coredns\",instance=~\"$instance\"}[5m])) by (le, job))",
          "format": "time_series",
          "intervalFactor": 2,
          "legendFormat": "99%",
          "refId": "A",
          "step": 40
        },
        {
          "datasource": {
            "uid": "$datasource"
          },
          "expr": "histogram_quantile(0.90, sum(rate(coredns_dns_request_duration_seconds_bucket{job=\"coredns\",instance=~\"$instance\"}[5m])) by (le))",
          "format": "time_series",
          "intervalFactor": 2,
          "legendFormat": "90%",
          "refId": "B",
          "step": 40
        },
        {
          "datasource": {
            "uid": "$datasource"
          },
          "expr": "histogram_quantile(0.50, sum(rate(coredns_dns_request_duration_seconds_bucket{job=\"coredns\",instance=~\"$instance\"}[5m])) by (le))",
          "format": "time_series",
          "intervalFactor": 2,
          "legendFormat": "50%",
          "refId": "C",
          "step": 40
        }
      ],
      "thresholds": [],
      "timeRegions": [],
      "title": "Responses (duration)",
      "tooltip": {
        "shared": true,
        "sort": 0,
        "value_type": "cumulative"
      },
      "type": "graph",
      "xaxis": {
        "mode": "time",
        "show": true,
        "values": []
      },
      "yaxes": [
        {
          "format": "s",
          "logBase": 1,
          "min": 0,
          "show": true
        },
        {
          "format": "short",
          "logBase": 1,
          "show": true
        }
      ],
      "yaxis": {
        "align": false
      }
    },
    {
      "aliasColors": {},
      "bars": false,
      "dashLength": 10,
      "dashes": false,
      "datasource": {
        "uid": "$datasource"
      },
      "editable": true,
      "error": false,
      "fieldConfig": {
        "defaults": {
          "custom": {},
          "links": []
        },
        "overrides": []
      },
      "fill": 1,
      "fillGradient": 0,
      "grid": {},
      "gridPos": {
        "h": 7,
        "w": 12,
        "x": 0,
        "y": 21
      },
      "hiddenSeries": false,
      "id": 18,
      "legend": {
        "avg": false,
        "current": false,
        "max": false,
        "min": false,
        "show": true,
        "total": false,
        "values": false
      },
      "lines": true,
      "linewidth": 2,
      "links": [],
      "nullPointMode": "connected",
      "options": {
        "alertThreshold": true
      },
      "percentage": false,
      "pluginVersion": "7.2.0",
      "pointradius": 5,
      "points": false,
      "renderer": "flot",
      "seriesOverrides": [
        {
          "alias": "udp:50%",
          "yaxis": 1
        },
        {
          "alias": "tcp:50%",
          "yaxis": 2
        },
        {
          "alias": "tcp:90%",
          "yaxis": 2
        },
        {
          "alias": "tcp:99%",
          "yaxis": 2
        }
      ],
      "spaceLength": 10,
      "stack": false,
      "steppedLine": false,
      "targets": [
        {
          "datasource": {
            "uid": "$datasource"
          },
          "expr": "histogram_quantile(0.99, sum(rate(coredns_dns_response_size_bytes_bucket{job=\"coredns\",instance=~\"$instance\",proto=\"udp\"}[5m])) by (le,proto)) ",
          "interval": "",
          "intervalFactor": 2,
          "legendFormat": "{{proto}}:99%",
          "refId": "A",
          "step": 40
        },
        {
          "datasource": {
            "uid": "$datasource"
          },
          "expr": "histogram_quantile(0.90, sum(rate(coredns_dns_response_size_bytes_bucket{job=\"coredns\",instance=~\"$instance\",proto=\"udp\"}[5m])) by (le,proto)) ",
          "interval": "",
          "intervalFactor": 2,
          "legendFormat": "{{proto}}:90%",
          "refId": "B",
          "step": 40
        },
        {
          "datasource": {
            "uid": "$datasource"
          },
          "expr": "histogram_quantile(0.50, sum(rate(coredns_dns_response_size_bytes_bucket{job=\"coredns\",instance=~\"$instance\",proto=\"udp\"}[5m])) by (le,proto)) ",
          "hide": false,
          "intervalFactor": 2,
          "legendFormat": "{{proto}}:50%",
          "metric": "",
          "refId": "C",
          "step": 40
        }
      ],
      "thresholds": [],
      "timeRegions": [],
      "title": "Responses (size, udp)",
      "tooltip": {
        "shared": true,
        "sort": 0,
        "value_type": "cumulative"
      },
      "type": "graph",
      "xaxis": {
        "mode": "time",
        "show": true,
        "values": []
      },
      "yaxes": [
        {
          "format": "bytes",
          "logBase": 1,
          "min": 0,
          "show": true
        },
        {
          "format": "short",
          "logBase": 1,
          "min": 0,
          "show": true
        }
      ],
      "yaxis": {
        "align": false
      }
    },
    {
      "aliasColors": {},
      "bars": false,
      "dashLength": 10,
      "dashes": false,
      "datasource": {
        "uid": "$datasource"
      },
      "editable": true,
      "error": false,
      "fieldConfig": {
        "defaults": {
          "custom": {},
          "links": []
        },
        "overrides": []
      },
      "fill": 1,
      "fillGradient": 0,
      "grid": {},
      "gridPos": {
        "h": 7,
        "w": 12,
        "x": 12,
        "y": 21
      },
      "hiddenSeries": false,
      "id": 20,
      "legend": {
        "avg": false,
        "current": false,
        "max": false,
        "min": false,
        "show": true,
        "total": false,
        "values": false
      },
      "lines": true,
      "linewidth": 2,
      "links": [],
      "nullPointMode": "connected",
      "options": {
        "alertThreshold": true
      },
      "percentage": false,
      "pluginVersion": "7.2.0",
      "pointradius": 5,
      "points": false,
      "renderer": "flot",
      "seriesOverrides": [
        {
          "alias": "udp:50%",
          "yaxis": 1
        },
        {
          "alias": "tcp:50%",
          "yaxis": 1
        },
        {
          "alias": "tcp:90%",
          "yaxis": 1
        },
        {
          "alias": "tcp:99%",
          "yaxis": 1
        }
      ],
      "spaceLength": 10,
      "stack": false,
      "steppedLine": false,
      "targets": [
        {
          "datasource": {
            "uid": "$datasource"
          },
          "expr": "histogram_quantile(0.99, sum(rate(coredns_dns_response_size_bytes_bucket{job=\"coredns\",instance=~\"$instance\",proto=\"tcp\"}[5m])) by (le,proto)) ",
          "format": "time_series",
          "intervalFactor": 2,
          "legendFormat": "{{proto}}:99%",
          "refId": "A",
          "step": 40
        },
        {
          "datasource": {
            "uid": "$datasource"
          },
          "expr": "histogram_quantile(0.90, sum(rate(coredns_dns_response_size_bytes_bucket{job=\"coredns\",instance=~\"$instance\",proto=\"tcp\"}[5m])) by (le,proto)) ",
          "format": "time_series",
          "intervalFactor": 2,
          "legendFormat": "{{proto}}:90%",
          "refId": "B",
          "step": 40
        },
        {
          "datasource": {
            "uid": "$datasource"
          },
          "expr": "histogram_quantile(0.50, sum(rate(coredns_dns_response_size_bytes_bucket{job=\"coredns\",instance=~\"$instance\",proto=\"tcp\"}[5m])) by (le, proto)) ",
          "format": "time_series",
          "intervalFactor": 2,
          "legendFormat": "{{proto}}:50%",
          "metric": "",
          "refId": "C",
          "step": 40
        }
      ],
      "thresholds": [],
      "timeRegions": [],
      "title": "Responses (size, tcp)",
      "tooltip": {
        "shared": true,
        "sort": 0,
        "value_type": "cumulative"
      },
      "type": "graph",
      "xaxis": {
        "mode": "time",
        "show": true,
        "values": []
      },
      "yaxes": [
        {
          "format": "bytes",
          "logBase": 1,
          "min": 0,
          "show": true
        },
        {
          "format": "short",
          "logBase": 1,
          "min": 0,
          "show": true
        }
      ],
      "yaxis": {
        "align": false
      }
    },
    {
      "aliasColors": {},
      "bars": false,
      "dashLength": 10,
      "dashes": false,
      "datasource": {
        "uid": "$datasource"
      },
      "editable": true,
      "error": false,
      "fieldConfig": {
        "defaults": {
          "custom": {},
          "links": []
        },
        "overrides": []
      },
      "fill": 1,
      "fillGradient": 0,
      "grid": {},
      "gridPos": {
        "h": 7,
        "w": 12,
        "x": 0,
        "y": 28
      },
      "hiddenSeries": false,
      "id": 22,
      "legend": {
        "avg": false,
        "current": false,
        "max": false,
        "min": false,
        "show": true,
        "total": false,
        "values": false
      },
      "lines": true,
      "linewidth": 2,
      "links": [],
      "nullPointMode": "connected",
      "options": {
        "alertThreshold": true
      },
      "percentage": false,
      "pluginVersion": "7.2.0",
      "pointradius": 5,
      "points": false,
      "renderer": "flot",
      "seriesOverrides": [],
      "spaceLength": 10,
      "stack": true,
      "steppedLine": false,
      "targets": [
        {
          "datasource": {
            "uid": "$datasource"
          },
          "expr": "sum(coredns_cache_size{job=\"coredns\",instance=~\"$instance\"}) by (type) or\nsum(coredns_cache_entries{job=\"coredns\",instance=~\"$instance\"}) by (type)",
          "interval": "",
          "intervalFactor": 2,
          "legendFormat": "{{type}}",
          "refId": "A",
          "step": 40
        }
      ],
      "thresholds": [],
      "timeRegions": [],
      "title": "Cache (size)",
      "tooltip": {
        "shared": true,
        "sort": 2,
        "value_type": "cumulative"
      },
      "type": "graph",
      "xaxis": {
        "mode": "time",
        "show": true,
        "values": []
      },
      "yaxes": [
        {
          "format": "decbytes",
          "logBase": 1,
          "min": 0,
          "show": true
        },
        {
          "format": "short",
          "logBase": 1,
          "min": 0,
          "show": true
        }
      ],
      "yaxis": {
        "align": false
      }
    },
    {
      "aliasColors": {},
      "bars": false,
      "dashLength": 10,
      "dashes": false,
      "datasource": {
        "uid": "$datasource"
      },
      "editable": true,
      "error": false,
      "fieldConfig": {
        "defaults": {
          "custom": {},
          "links": []
        },
        "overrides": []
      },
      "fill": 1,
      "fillGradient": 0,
      "grid": {},
      "gridPos": {
        "h": 7,
        "w": 12,
        "x": 12,
        "y": 28
      },
      "hiddenSeries": false,
      "id": 24,
      "legend": {
        "avg": false,
        "current": false,
        "max": false,
        "min": false,
        "show": true,
        "total": false,
        "values": false
      },
      "lines": true,
      "linewidth": 2,
      "links": [],
      "nullPointMode": "connected",
      "options": {
        "alertThreshold": true
      },
      "percentage": false,
      "pluginVersion": "7.2.0",
      "pointradius": 5,
      "points": false,
      "renderer": "flot",
      "seriesOverrides": [
        {
          "alias": "misses",
          "yaxis": 2
        }
      ],
      "spaceLength": 10,
      "stack": true,
      "steppedLine": false,
      "targets": [
        {
          "datasource": {
            "uid": "$datasource"
          },
          "expr": "sum(rate(coredns_cache_hits_total{job=\"coredns\",instance=~\"$instance\"}[5m])) by (type)",
          "hide": false,
          "intervalFactor": 2,
          "legendFormat": "hits:{{type}}",
          "refId": "A",
          "step": 40
        },
        {
          "datasource": {
            "uid": "$datasource"
          },
          "expr": "sum(rate(coredns_cache_misses_total{job=\"coredns\",instance=~\"$instance\"}[5m])) by (type)",
          "hide": false,
          "intervalFactor": 2,
          "legendFormat": "misses",
          "refId": "B",
          "step": 40
        }
      ],
      "thresholds": [],
      "timeRegions": [],
      "title": "Cache (hitrate)",
      "tooltip": {
        "shared": true,
        "sort": 2,
        "value_type": "individual"
      },
      "type": "graph",
      "xaxis": {
        "mode": "time",
        "show": true,
        "values": []
      },
      "yaxes": [
        {
          "format": "pps",
          "logBase": 1,
          "min": 0,
          "show": true
        },
        {
          "format": "pps",
          "logBase": 1,
          "min": 0,
          "show": true
        }
      ],
      "yaxis": {
        "align": false
      }
    }
  ],
  "refresh": "10s",
  "schemaVersion": 36,
  "style": "dark",
  "tags": [
    "dns",
    "coredns"
  ],
  "templating": {
    "list": [
      {
        "current": {
          "selected": false,
          "text": "default",
          "value": "default"
        },
        "hide": 0,
        "includeAll": false,
        "multi": false,
        "name": "datasource",
        "options": [],
        "query": "prometheus",
        "queryValue": "",
        "refresh": 1,
        "regex": "",
        "skipUrlSync": false,
        "type": "datasource"
      },
      {
        "allValue": ".*",
        "current": {},
        "datasource": {
          "type": "prometheus",
          "uid": "$datasource"
        },
        "definition": "label_values(up{job=\"coredns\"}, instance)",
        "hide": 0,
        "includeAll": true,
        "label": "Instance",
        "multi": false,
        "name": "instance",
        "options": [],
        "query": {
          "query": "label_values(up{job=\"coredns\"}, instance)",
          "refId": "Prometheus-instance-Variable-Query"
        },
        "refresh": 1,
        "regex": "",
        "skipUrlSync": false,
        "sort": 3,
        "tagValuesQuery": "",
        "tagsQuery": "",
        "type": "query",
        "useTags": false
      }
    ]
  },
  "time": {
    "from": "now-3h",
    "to": "now"
  },
  "timepicker": {
    "refresh_intervals": [
      "10s",
      "30s",
      "1m",
      "5m",
      "15m",
      "30m",
      "1h",
      "2h",
      "1d"
    ]
  },
  "timezone": "utc",
  "title": "CoreDNS",
  "uid": "vkQ0UHxik",
  "version": 1,
  "weekStart": ""
}