{
  "__inputs": [],
  "__elements": {},
  "__requires": [
    {
      "type": "grafana",
      "id": "grafana",
      "name": "Grafana",
      "version": "9.0.5"
    },
    {
      "type": "panel",
      "id": "graph",
      "name": "Graph (old)",
      "version": ""
    },
    {
      "type": "datasource",
      "id": "prometheus",
      "name": "Prometheus",
      "version": "1.0.0"
    },
    {
      "type": "panel",
      "id": "stat",
      "name": "Stat",
      "version": ""
    }
  ],
  "annotations": {
    "list": [
      {
        "builtIn": 1,
        "datasource": {
          "type": "grafana",
          "uid": "-- Grafana --"
        },
        "enable": true,
        "hide": true,
        "iconColor": "rgba(0, 211, 255, 1)",
        "name": "Annotations & Alerts",
        "target": {
          "limit": 100,
          "matchAny": false,
          "tags": [],
          "type": "dashboard"
        },
        "type": "dashboard"
      }
    ]
  },
  "editable": false,
  "fiscalYearStartMonth": 0,
  "graphTooltip": 0,
  "id": null,
  "links": [],
  "liveNow": false,
  "panels": [
    {
      "datasource": {
        "uid": "$datasource"
      },
      "fieldConfig": {
        "defaults": {
          "color": {
            "mode": "thresholds"
          },
          "mappings": [
            {
              "options": {
                "match": "null",
                "result": {
                  "text": "N/A"
                }
              },
              "type": "special"
            }
          ],
          "thresholds": {
            "mode": "absolute",
            "steps": [
              {
                "color": "green",
                "value": null
              },
              {
                "color": "red",
                "value": 80
              }
            ]
          },
          "unit": "none"
        },
        "overrides": []
      },
      "gridPos": {
        "h": 7,
        "w": 4,
        "x": 0,
        "y": 0
      },
      "id": 2,
      "interval": "1m",
      "links": [],
      "maxDataPoints": 100,
      "options": {
        "colorMode": "none",
        "graphMode": "none",
        "justifyMode": "auto",
        "orientation": "horizontal",
        "reduceOptions": {
          "calcs": [
            "min"
          ],
          "fields": "",
          "values": false
        },
        "textMode": "auto"
      },
      "pluginVersion": "9.0.5",
      "targets": [
        {
          "datasource": {
            "uid": "$datasource"
          },
          "expr": "sum(up{cluster=\"$cluster\", job=\"kube-controller-manager\"})",
          "format": "time_series",
          "intervalFactor": 2,
          "legendFormat": "",
          "refId": "A"
        }
      ],
      "title": "Up",
      "type": "stat"
    },
    {
      "aliasColors": {},
      "bars": false,
      "dashLength": 10,
      "dashes": false,
      "datasource": {
        "uid": "$datasource"
      },
      "fill": 1,
      "fillGradient": 0,
      "gridPos": {
        "h": 7,
        "w": 20,
        "x": 4,
        "y": 0
      },
      "hiddenSeries": false,
      "id": 3,
      "interval": "1m",
      "legend": {
        "alignAsTable": true,
        "avg": false,
        "current": true,
        "max": false,
        "min": false,
        "rightSide": true,
        "show": true,
        "total": false,
        "values": true
      },
      "lines": true,
      "linewidth": 1,
      "links": [],
      "nullPointMode": "null",
      "options": {
        "alertThreshold": true
      },
      "percentage": false,
      "pluginVersion": "9.0.5",
      "pointradius": 5,
      "points": false,
      "renderer": "flot",
      "seriesOverrides": [],
      "spaceLength": 10,
      "stack": false,
      "steppedLine": false,
      "targets": [
        {
          "datasource": {
            "uid": "$datasource"
          },
          "expr": "sum(rate(workqueue_adds_total{cluster=\"$cluster\", job=\"kube-controller-manager\", instance=~\"$instance\"}[$__rate_interval])) by (cluster, instance, name)",
          "format": "time_series",
          "intervalFactor": 2,
          "legendFormat": "{{cluster}} {{instance}} {{name}}",
          "refId": "A"
        }
      ],
      "thresholds": [],
      "timeRegions": [],
      "title": "Work Queue Add Rate",
      "tooltip": {
        "shared": false,
        "sort": 0,
        "value_type": "individual"
      },
      "type": "graph",
      "xaxis": {
        "mode": "time",
        "show": true,
        "values": []
      },
      "yaxes": [
        {
          "format": "ops",
          "logBase": 1,
          "show": true
        },
        {
          "format": "ops",
          "logBase": 1,
          "show": true
        }
      ],
      "yaxis": {
        "align": false
      }
    },
    {
      "aliasColors": {},
      "bars": false,
      "dashLength": 10,
      "dashes": false,
      "datasource": {
        "uid": "$datasource"
      },
      "fill": 1,
      "fillGradient": 0,
      "gridPos": {
        "h": 7,
        "w": 24,
        "x": 0,
        "y": 7
      },
      "hiddenSeries": false,
      "id": 4,
      "interval": "1m",
      "legend": {
        "alignAsTable": true,
        "avg": false,
        "current": true,
        "max": false,
        "min": false,
        "rightSide": true,
        "show": true,
        "total": false,
        "values": true
      },
      "lines": true,
      "linewidth": 1,
      "links": [],
      "nullPointMode": "null",
      "options": {
        "alertThreshold": true
      },
      "percentage": false,
      "pluginVersion": "9.0.5",
      "pointradius": 5,
      "points": false,
      "renderer": "flot",
      "seriesOverrides": [],
      "spaceLength": 10,
      "stack": false,
      "steppedLine": false,
      "targets": [
        {
          "datasource": {
            "uid": "$datasource"
          },
          "expr": "sum(rate(workqueue_depth{cluster=\"$cluster\", job=\"kube-controller-manager\", instance=~\"$instance\"}[$__rate_interval])) by (cluster, instance, name)",
          "format": "time_series",
          "intervalFactor": 2,
          "legendFormat": "{{cluster}} {{instance}} {{name}}",
          "refId": "A"
        }
      ],
      "thresholds": [],
      "timeRegions": [],
      "title": "Work Queue Depth",
      "tooltip": {
        "shared": false,
        "sort": 0,
        "value_type": "individual"
      },
      "type": "graph",
      "xaxis": {
        "mode": "time",
        "show": true,
        "values": []
      },
      "yaxes": [
        {
          "format": "short",
          "logBase": 1,
          "min": 0,
          "show": true
        },
        {
          "format": "short",
          "logBase": 1,
          "min": 0,
          "show": true
        }
      ],
      "yaxis": {
        "align": false
      }
    },
    {
      "aliasColors": {},
      "bars": false,
      "dashLength": 10,
      "dashes": false,
      "datasource": {
        "uid": "$datasource"
      },
      "fill": 1,
      "fillGradient": 0,
      "gridPos": {
        "h": 7,
        "w": 24,
        "x": 0,
        "y": 14
      },
      "hiddenSeries": false,
      "id": 5,
      "interval": "1m",
      "legend": {
        "alignAsTable": true,
        "avg": false,
        "current": true,
        "max": false,
        "min": false,
        "rightSide": true,
        "show": true,
        "total": false,
        "values": true
      },
      "lines": true,
      "linewidth": 1,
      "links": [],
      "nullPointMode": "null",
      "options": {
        "alertThreshold": true
      },
      "percentage": false,
      "pluginVersion": "9.0.5",
      "pointradius": 5,
      "points": false,
      "renderer": "flot",
      "seriesOverrides": [],
      "spaceLength": 10,
      "stack": false,
      "steppedLine": false,
      "targets": [
        {
          "datasource": {
            "uid": "$datasource"
          },
          "expr": "histogram_quantile(0.99, sum(rate(workqueue_queue_duration_seconds_bucket{cluster=\"$cluster\", job=\"kube-controller-manager\", instance=~\"$instance\"}[$__rate_interval])) by (cluster, instance, name, le))",
          "format": "time_series",
          "intervalFactor": 2,
          "legendFormat": "{{cluster}} {{instance}} {{name}}",
          "refId": "A"
        }
      ],
      "thresholds": [],
      "timeRegions": [],
      "title": "Work Queue Latency",
      "tooltip": {
        "shared": false,
        "sort": 0,
        "value_type": "individual"
      },
      "type": "graph",
      "xaxis": {
        "mode": "time",
        "show": true,
        "values": []
      },
      "yaxes": [
        {
          "format": "s",
          "logBase": 1,
          "show": true
        },
        {
          "format": "s",
          "logBase": 1,
          "show": true
        }
      ],
      "yaxis": {
        "align": false
      }
    },
    {
      "aliasColors": {},
      "bars": false,
      "dashLength": 10,
      "dashes": false,
      "datasource": {
        "uid": "$datasource"
      },
      "fill": 1,
      "fillGradient": 0,
      "gridPos": {
        "h": 7,
        "w": 8,
        "x": 0,
        "y": 21
      },
      "id": 6,
      "interval": "1m",
      "legend": {
        "alignAsTable": true,
        "avg": false,
        "current": false,
        "max": false,
        "min": false,
        "rightSide": true,
        "show": true,
        "total": false,
        "values": false
      },
      "lines": true,
      "linewidth": 1,
      "links": [],
      "nullPointMode": "null",
      "percentage": false,
      "pointradius": 5,
      "points": false,
      "renderer": "flot",
      "seriesOverrides": [],
      "spaceLength": 10,
      "stack": false,
      "steppedLine": false,
      "targets": [
        {
          "datasource": {
            "uid": "$datasource"
          },
          "expr": "sum(rate(rest_client_requests_total{job=\"kube-controller-manager\", instance=~\"$instance\",code=~\"2..\"}[$__rate_interval]))",
          "format": "time_series",
          "intervalFactor": 2,
          "legendFormat": "2xx",
          "refId": "A"
        },
        {
          "datasource": {
            "uid": "$datasource"
          },
          "expr": "sum(rate(rest_client_requests_total{job=\"kube-controller-manager\", instance=~\"$instance\",code=~\"3..\"}[$__rate_interval]))",
          "format": "time_series",
          "intervalFactor": 2,
          "legendFormat": "3xx",
          "refId": "B"
        },
        {
          "datasource": {
            "uid": "$datasource"
          },
          "expr": "sum(rate(rest_client_requests_total{job=\"kube-controller-manager\", instance=~\"$instance\",code=~\"4..\"}[$__rate_interval]))",
          "format": "time_series",
          "intervalFactor": 2,
          "legendFormat": "4xx",
          "refId": "C"
        },
        {
          "datasource": {
            "uid": "$datasource"
          },
          "expr": "sum(rate(rest_client_requests_total{job=\"kube-controller-manager\", instance=~\"$instance\",code=~\"5..\"}[$__rate_interval]))",
          "format": "time_series",
          "intervalFactor": 2,
          "legendFormat": "5xx",
          "refId": "D"
        }
      ],
      "thresholds": [],
      "title": "Kube API Request Rate",
      "tooltip": {
        "shared": false,
        "sort": 0,
        "value_type": "individual"
      },
      "type": "graph",
      "xaxis": {
        "mode": "time",
        "show": true,
        "values": []
      },
      "yaxes": [
        {
          "format": "ops",
          "logBase": 1,
          "show": true
        },
        {
          "format": "ops",
          "logBase": 1,
          "show": true
        }
      ]
    },
    {
      "aliasColors": {},
      "bars": false,
      "dashLength": 10,
      "dashes": false,
      "datasource": {
        "uid": "$datasource"
      },
      "fill": 1,
      "fillGradient": 0,
      "gridPos": {
        "h": 7,
        "w": 16,
        "x": 8,
        "y": 21
      },
      "id": 7,
      "interval": "1m",
      "legend": {
        "alignAsTable": true,
        "avg": false,
        "current": false,
        "max": false,
        "min": false,
        "rightSide": true,
        "show": true,
        "total": false,
        "values": false
      },
      "lines": true,
      "linewidth": 1,
      "links": [],
      "nullPointMode": "null",
      "percentage": false,
      "pointradius": 5,
      "points": false,
      "renderer": "flot",
      "seriesOverrides": [],
      "spaceLength": 10,
      "stack": false,
      "steppedLine": false,
      "targets": [
        {
          "datasource": {
            "uid": "$datasource"
          },
          "expr": "histogram_quantile(0.99, sum(rate(rest_client_request_duration_seconds_bucket{cluster=\"$cluster\", job=\"kube-controller-manager\", instance=~\"$instance\", verb=\"POST\"}[$__rate_interval])) by (verb, url, le))",
          "format": "time_series",
          "intervalFactor": 2,
          "legendFormat": "{{verb}} {{url}}",
          "refId": "A"
        }
      ],
      "thresholds": [],
      "title": "Post Request Latency 99th Quantile",
      "tooltip": {
        "shared": false,
        "sort": 0,
        "value_type": "individual"
      },
      "type": "graph",
      "xaxis": {
        "mode": "time",
        "show": true,
        "values": []
      },
      "yaxes": [
        {
          "format": "s",
          "logBase": 1,
          "min": 0,
          "show": true
        },
        {
          "format": "s",
          "logBase": 1,
          "min": 0,
          "show": true
        }
      ]
    },
    {
      "aliasColors": {},
      "bars": false,
      "dashLength": 10,
      "dashes": false,
      "datasource": {
        "uid": "$datasource"
      },
      "fill": 1,
      "fillGradient": 0,
      "gridPos": {
        "h": 7,
        "w": 24,
        "x": 0,
        "y": 28
      },
      "id": 8,
      "interval": "1m",
      "legend": {
        "alignAsTable": true,
        "avg": false,
        "current": true,
        "max": false,
        "min": false,
        "rightSide": true,
        "show": true,
        "total": false,
        "values": true
      },
      "lines": true,
      "linewidth": 1,
      "links": [],
      "nullPointMode": "null",
      "percentage": false,
      "pointradius": 5,
      "points": false,
      "renderer": "flot",
      "seriesOverrides": [],
      "spaceLength": 10,
      "stack": false,
      "steppedLine": false,
      "targets": [
        {
          "datasource": {
            "uid": "$datasource"
          },
          "expr": "histogram_quantile(0.99, sum(rate(rest_client_request_duration_seconds_bucket{cluster=\"$cluster\", job=\"kube-controller-manager\", instance=~\"$instance\", verb=\"GET\"}[$__rate_interval])) by (verb, url, le))",
          "format": "time_series",
          "intervalFactor": 2,
          "legendFormat": "{{verb}} {{url}}",
          "refId": "A"
        }
      ],
      "thresholds": [],
      "title": "Get Request Latency 99th Quantile",
      "tooltip": {
        "shared": false,
        "sort": 0,
        "value_type": "individual"
      },
      "type": "graph",
      "xaxis": {
        "mode": "time",
        "show": true,
        "values": []
      },
      "yaxes": [
        {
          "format": "s",
          "logBase": 1,
          "min": 0,
          "show": true
        },
        {
          "format": "s",
          "logBase": 1,
          "min": 0,
          "show": true
        }
      ]
    },
    {
      "aliasColors": {},
      "bars": false,
      "dashLength": 10,
      "dashes": false,
      "datasource": {
        "uid": "$datasource"
      },
      "fill": 1,
      "fillGradient": 0,
      "gridPos": {
        "h": 7,
        "w": 8,
        "x": 0,
        "y": 35
      },
      "id": 9,
      "interval": "1m",
      "legend": {
        "alignAsTable": true,
        "avg": false,
        "current": false,
        "max": false,
        "min": false,
        "rightSide": true,
        "show": true,
        "total": false,
        "values": false
      },
      "lines": true,
      "linewidth": 1,
      "links": [],
      "nullPointMode": "null",
      "percentage": false,
      "pointradius": 5,
      "points": false,
      "renderer": "flot",
      "seriesOverrides": [],
      "spaceLength": 10,
      "stack": false,
      "steppedLine": false,
      "targets": [
        {
          "datasource": {
            "uid": "$datasource"
          },
          "expr": "process_resident_memory_bytes{cluster=\"$cluster\", job=\"kube-controller-manager\",instance=~\"$instance\"}",
          "format": "time_series",
          "intervalFactor": 2,
          "legendFormat": "{{instance}}",
          "refId": "A"
        }
      ],
      "thresholds": [],
      "title": "Memory",
      "tooltip": {
        "shared": false,
        "sort": 0,
        "value_type": "individual"
      },
      "type": "graph",
      "xaxis": {
        "mode": "time",
        "show": true,
        "values": []
      },
      "yaxes": [
        {
          "format": "bytes",
          "logBase": 1,
          "show": true
        },
        {
          "format": "bytes",
          "logBase": 1,
          "show": true
        }
      ]
    },
    {
      "aliasColors": {},
      "bars": false,
      "dashLength": 10,
      "dashes": false,
      "datasource": {
        "uid": "$datasource"
      },
      "fill": 1,
      "fillGradient": 0,
      "gridPos": {
        "h": 7,
        "w": 8,
        "x": 8,
        "y": 35
      },
      "id": 10,
      "interval": "1m",
      "legend": {
        "alignAsTable": true,
        "avg": false,
        "current": false,
        "max": false,
        "min": false,
        "rightSide": true,
        "show": true,
        "total": false,
        "values": false
      },
      "lines": true,
      "linewidth": 1,
      "links": [],
      "nullPointMode": "null",
      "percentage": false,
      "pointradius": 5,
      "points": false,
      "renderer": "flot",
      "seriesOverrides": [],
      "spaceLength": 10,
      "stack": false,
      "steppedLine": false,
      "targets": [
        {
          "datasource": {
            "uid": "$datasource"
          },
          "expr": "rate(process_cpu_seconds_total{cluster=\"$cluster\", job=\"kube-controller-manager\",instance=~\"$instance\"}[$__rate_interval])",
          "format": "time_series",
          "intervalFactor": 2,
          "legendFormat": "{{instance}}",
          "refId": "A"
        }
      ],
      "thresholds": [],
      "title": "CPU usage",
      "tooltip": {
        "shared": false,
        "sort": 0,
        "value_type": "individual"
      },
      "type": "graph",
      "xaxis": {
        "mode": "time",
        "show": true,
        "values": []
      },
      "yaxes": [
        {
          "format": "short",
          "logBase": 1,
          "min": 0,
          "show": true
        },
        {
          "format": "short",
          "logBase": 1,
          "min": 0,
          "show": true
        }
      ]
    },
    {
      "aliasColors": {},
      "bars": false,
      "dashLength": 10,
      "dashes": false,
      "datasource": {
        "uid": "$datasource"
      },
      "fill": 1,
      "fillGradient": 0,
      "gridPos": {
        "h": 7,
        "w": 8,
        "x": 16,
        "y": 35
      },
      "id": 11,
      "interval": "1m",
      "legend": {
        "alignAsTable": true,
        "avg": false,
        "current": false,
        "max": false,
        "min": false,
        "rightSide": true,
        "show": true,
        "total": false,
        "values": false
      },
      "lines": true,
      "linewidth": 1,
      "links": [],
      "nullPointMode": "null",
      "percentage": false,
      "pointradius": 5,
      "points": false,
      "renderer": "flot",
      "seriesOverrides": [],
      "spaceLength": 10,
      "stack": false,
      "steppedLine": false,
      "targets": [
        {
          "datasource": {
            "uid": "$datasource"
          },
          "expr": "go_goroutines{cluster=\"$cluster\", job=\"kube-controller-manager\",instance=~\"$instance\"}",
          "format": "time_series",
          "intervalFactor": 2,
          "legendFormat": "{{instance}}",
          "refId": "A"
        }
      ],
      "thresholds": [],
      "title": "Goroutines",
      "tooltip": {
        "shared": false,
        "sort": 0,
        "value_type": "individual"
      },
      "type": "graph",
      "xaxis": {
        "mode": "time",
        "show": true,
        "values": []
      },
      "yaxes": [
        {
          "format": "short",
          "logBase": 1,
          "show": true
        },
        {
          "format": "short",
          "logBase": 1,
          "show": true
        }
      ]
    }
  ],
  "refresh": "10s",
  "schemaVersion": 36,
  "style": "dark",
  "tags": [
    "kubernetes-mixin"
  ],
  "templating": {
    "list": [
      {
        "current": {
          "selected": false,
          "text": "default",
          "value": "default"
        },
        "hide": 0,
        "includeAll": false,
        "label": "Data Source",
        "multi": false,
        "name": "datasource",
        "options": [],
        "query": "prometheus",
        "refresh": 1,
        "regex": "",
        "skipUrlSync": false,
        "type": "datasource"
      },
      {
        "current": {},
        "datasource": {
          "type": "prometheus",
          "uid": "$datasource"
        },
        "definition": "",
        "hide": 2,
        "includeAll": false,
        "label": "cluster",
        "multi": false,
        "name": "cluster",
        "options": [],
        "query": {
          "query": "label_values(up{job=\"kube-controller-manager\"}, cluster)",
          "refId": "Prometheus-cluster-Variable-Query"
        },
        "refresh": 2,
        "regex": "",
        "skipUrlSync": false,
        "sort": 1,
        "tagValuesQuery": "",
        "tagsQuery": "",
        "type": "query",
        "useTags": false
      },
      {
        "current": {},
        "datasource": {
          "type": "prometheus",
          "uid": "$datasource"
        },
        "definition": "",
        "hide": 0,
        "includeAll": true,
        "multi": false,
        "name": "instance",
        "options": [],
        "query": {
          "query": "label_values(up{cluster=\"$cluster\", job=\"kube-controller-manager\"}, instance)",
          "refId": "Prometheus-instance-Variable-Query"
        },
        "refresh": 2,
        "regex": "",
        "skipUrlSync": false,
        "sort": 1,
        "tagValuesQuery": "",
        "tagsQuery": "",
        "type": "query",
        "useTags": false
      }
    ]
  },
  "time": {
    "from": "now-1h",
    "to": "now"
  },
  "timepicker": {
    "refresh_intervals": [
      "5s",
      "10s",
      "30s",
      "1m",
      "5m",
      "15m",
      "30m",
      "1h",
      "2h",
      "1d"
    ],
    "time_options": [
      "5m",
      "15m",
      "1h",
      "6h",
      "12h",
      "24h",
      "2d",
      "7d",
      "30d"
    ]
  },
  "timezone": "utc",
  "title": "Kubernetes / Controller Manager",
  "uid": "72e0e05bef5099e5f049b05fdc429ed4",
  "version": 1,
  "weekStart": ""
}