{
  "__inputs": [],
  "__elements": {},
  "__requires": [
    {
      "type": "grafana",
      "id": "grafana",
      "name": "Grafana",
      "version": "9.0.5"
    },
    {
      "type": "panel",
      "id": "graph",
      "name": "Graph (old)",
      "version": ""
    },
    {
      "type": "datasource",
      "id": "prometheus",
      "name": "Prometheus",
      "version": "1.0.0"
    },
    {
      "type": "panel",
      "id": "table-old",
      "name": "Table (old)",
      "version": ""
    }
  ],
  "annotations": {
    "list": [
      {
        "builtIn": 1,
        "datasource": {
          "type": "grafana",
          "uid": "-- Grafana --"
        },
        "enable": true,
        "hide": true,
        "iconColor": "rgba(0, 211, 255, 1)",
        "name": "Annotations & Alerts",
        "target": {
          "limit": 100,
          "matchAny": false,
          "tags": [],
          "type": "dashboard"
        },
        "type": "dashboard"
      }
    ]
  },
  "editable": true,
  "fiscalYearStartMonth": 0,
  "graphTooltip": 0,
  "id": null,
  "links": [],
  "liveNow": false,
  "panels": [
    {
      "collapsed": false,
      "datasource": {
        "type": "prometheus",
        "uid": "prometheus"
      },
      "gridPos": {
        "h": 1,
        "w": 24,
        "x": 0,
        "y": 0
      },
      "id": 11,
      "panels": [],
      "targets": [
        {
          "datasource": {
            "type": "prometheus",
            "uid": "prometheus"
          },
          "refId": "A"
        }
      ],
      "title": "Prometheus Stats",
      "type": "row"
    },
    {
      "aliasColors": {},
      "bars": false,
      "columns": [],
      "dashLength": 10,
      "dashes": false,
      "datasource": {
        "uid": "$datasource"
      },
      "fill": 1,
      "fontSize": "100%",
      "gridPos": {
        "h": 7,
        "w": 24,
        "x": 0,
        "y": 1
      },
      "id": 1,
      "legend": {
        "avg": false,
        "current": false,
        "max": false,
        "min": false,
        "show": true,
        "total": false,
        "values": false
      },
      "lines": true,
      "linewidth": 1,
      "links": [],
      "nullPointMode": "null as zero",
      "percentage": false,
      "pointradius": 5,
      "points": false,
      "renderer": "flot",
      "seriesOverrides": [],
      "showHeader": true,
      "sort": {
        "col": 0,
        "desc": true
      },
      "spaceLength": 10,
      "stack": false,
      "steppedLine": false,
      "styles": [
        {
          "alias": "Time",
          "align": "auto",
          "dateFormat": "YYYY-MM-DD HH:mm:ss",
          "pattern": "Time",
          "type": "hidden"
        },
        {
          "alias": "Count",
          "align": "auto",
          "colors": [],
          "dateFormat": "YYYY-MM-DD HH:mm:ss",
          "decimals": 2,
          "link": false,
          "linkTargetBlank": false,
          "linkTooltip": "Drill down",
          "linkUrl": "",
          "pattern": "Value #A",
          "thresholds": [],
          "type": "hidden",
          "unit": "short"
        },
        {
          "alias": "Uptime",
          "align": "auto",
          "colors": [],
          "dateFormat": "YYYY-MM-DD HH:mm:ss",
          "decimals": 2,
          "link": false,
          "linkTargetBlank": false,
          "linkTooltip": "Drill down",
          "linkUrl": "",
          "pattern": "Value #B",
          "thresholds": [],
          "type": "number",
          "unit": "short"
        },
        {
          "alias": "Instance",
          "align": "auto",
          "colors": [],
          "dateFormat": "YYYY-MM-DD HH:mm:ss",
          "decimals": 2,
          "link": false,
          "linkTargetBlank": false,
          "linkTooltip": "Drill down",
          "linkUrl": "",
          "pattern": "instance",
          "thresholds": [],
          "type": "number",
          "unit": "short"
        },
        {
          "alias": "Job",
          "align": "auto",
          "colors": [],
          "dateFormat": "YYYY-MM-DD HH:mm:ss",
          "decimals": 2,
          "link": false,
          "linkTargetBlank": false,
          "linkTooltip": "Drill down",
          "linkUrl": "",
          "pattern": "job",
          "thresholds": [],
          "type": "number",
          "unit": "short"
        },
        {
          "alias": "Version",
          "align": "auto",
          "colors": [],
          "dateFormat": "YYYY-MM-DD HH:mm:ss",
          "decimals": 2,
          "link": false,
          "linkTargetBlank": false,
          "linkTooltip": "Drill down",
          "linkUrl": "",
          "pattern": "version",
          "thresholds": [],
          "type": "number",
          "unit": "short"
        },
        {
          "alias": "",
          "align": "auto",
          "colors": [],
          "dateFormat": "YYYY-MM-DD HH:mm:ss",
          "decimals": 2,
          "pattern": "/.*/",
          "thresholds": [],
          "type": "string",
          "unit": "short"
        }
      ],
      "targets": [
        {
          "datasource": {
            "uid": "$datasource"
          },
          "expr": "count by (job, instance, version) (prometheus_build_info{job=~\"$job\", instance=~\"$instance\"})",
          "format": "table",
          "instant": true,
          "intervalFactor": 2,
          "legendFormat": "",
          "refId": "A",
          "step": 10
        },
        {
          "datasource": {
            "uid": "$datasource"
          },
          "expr": "max by (job, instance) (time() - process_start_time_seconds{job=~\"$job\", instance=~\"$instance\"})",
          "format": "table",
          "instant": true,
          "intervalFactor": 2,
          "legendFormat": "",
          "refId": "B",
          "step": 10
        }
      ],
      "thresholds": [],
      "title": "Prometheus Stats",
      "tooltip": {
        "shared": true,
        "sort": 2,
        "value_type": "individual"
      },
      "transform": "table",
      "type": "table-old",
      "xaxis": {
        "mode": "time",
        "show": true,
        "values": []
      },
      "yaxes": [
        {
          "format": "short",
          "logBase": 1,
          "min": 0,
          "show": true
        },
        {
          "format": "short",
          "logBase": 1,
          "show": false
        }
      ]
    },
    {
      "collapsed": false,
      "datasource": {
        "type": "prometheus",
        "uid": "prometheus"
      },
      "gridPos": {
        "h": 1,
        "w": 24,
        "x": 0,
        "y": 8
      },
      "id": 12,
      "panels": [],
      "targets": [
        {
          "datasource": {
            "type": "prometheus",
            "uid": "prometheus"
          },
          "refId": "A"
        }
      ],
      "title": "Discovery",
      "type": "row"
    },
    {
      "aliasColors": {},
      "bars": false,
      "dashLength": 10,
      "dashes": false,
      "datasource": {
        "uid": "$datasource"
      },
      "fill": 1,
      "fillGradient": 0,
      "gridPos": {
        "h": 7,
        "w": 12,
        "x": 0,
        "y": 9
      },
      "hiddenSeries": false,
      "id": 2,
      "legend": {
        "avg": false,
        "current": false,
        "max": false,
        "min": false,
        "show": true,
        "total": false,
        "values": false
      },
      "lines": true,
      "linewidth": 1,
      "links": [],
      "nullPointMode": "null as zero",
      "options": {
        "alertThreshold": true
      },
      "percentage": false,
      "pluginVersion": "9.0.5",
      "pointradius": 5,
      "points": false,
      "renderer": "flot",
      "seriesOverrides": [],
      "spaceLength": 10,
      "stack": false,
      "steppedLine": false,
      "targets": [
        {
          "datasource": {
            "uid": "$datasource"
          },
          "expr": "sum(rate(prometheus_target_sync_length_seconds_sum{job=~\"$job\",instance=~\"$instance\"}[5m])) by (scrape_job) * 1e3",
          "format": "time_series",
          "intervalFactor": 2,
          "legendFormat": "{{scrape_job}}",
          "refId": "A",
          "step": 10
        }
      ],
      "thresholds": [],
      "timeRegions": [],
      "title": "Target Sync",
      "tooltip": {
        "shared": true,
        "sort": 2,
        "value_type": "individual"
      },
      "type": "graph",
      "xaxis": {
        "mode": "time",
        "show": true,
        "values": []
      },
      "yaxes": [
        {
          "format": "ms",
          "logBase": 1,
          "min": 0,
          "show": true
        },
        {
          "format": "short",
          "logBase": 1,
          "show": false
        }
      ],
      "yaxis": {
        "align": false
      }
    },
    {
      "aliasColors": {},
      "bars": false,
      "dashLength": 10,
      "dashes": false,
      "datasource": {
        "uid": "$datasource"
      },
      "fill": 10,
      "fillGradient": 0,
      "gridPos": {
        "h": 7,
        "w": 12,
        "x": 12,
        "y": 9
      },
      "hiddenSeries": false,
      "id": 3,
      "legend": {
        "avg": false,
        "current": false,
        "max": false,
        "min": false,
        "show": true,
        "total": false,
        "values": false
      },
      "lines": true,
      "linewidth": 0,
      "links": [],
      "nullPointMode": "null as zero",
      "options": {
        "alertThreshold": true
      },
      "percentage": false,
      "pluginVersion": "9.0.5",
      "pointradius": 5,
      "points": false,
      "renderer": "flot",
      "seriesOverrides": [],
      "spaceLength": 10,
      "stack": true,
      "steppedLine": false,
      "targets": [
        {
          "datasource": {
            "uid": "$datasource"
          },
          "expr": "sum(prometheus_sd_discovered_targets{job=~\"$job\",instance=~\"$instance\"})",
          "format": "time_series",
          "intervalFactor": 2,
          "legendFormat": "Targets",
          "refId": "A",
          "step": 10
        }
      ],
      "thresholds": [],
      "timeRegions": [],
      "title": "Targets",
      "tooltip": {
        "shared": true,
        "sort": 2,
        "value_type": "individual"
      },
      "type": "graph",
      "xaxis": {
        "mode": "time",
        "show": true,
        "values": []
      },
      "yaxes": [
        {
          "format": "short",
          "logBase": 1,
          "min": 0,
          "show": true
        },
        {
          "format": "short",
          "logBase": 1,
          "show": false
        }
      ],
      "yaxis": {
        "align": false
      }
    },
    {
      "collapsed": false,
      "datasource": {
        "type": "prometheus",
        "uid": "prometheus"
      },
      "gridPos": {
        "h": 1,
        "w": 24,
        "x": 0,
        "y": 16
      },
      "id": 13,
      "panels": [],
      "targets": [
        {
          "datasource": {
            "type": "prometheus",
            "uid": "prometheus"
          },
          "refId": "A"
        }
      ],
      "title": "Retrieval",
      "type": "row"
    },
    {
      "aliasColors": {},
      "bars": false,
      "dashLength": 10,
      "dashes": false,
      "datasource": {
        "uid": "$datasource"
      },
      "fill": 1,
      "gridPos": {
        "h": 7,
        "w": 8,
        "x": 0,
        "y": 17
      },
      "id": 4,
      "legend": {
        "avg": false,
        "current": false,
        "max": false,
        "min": false,
        "show": true,
        "total": false,
        "values": false
      },
      "lines": true,
      "linewidth": 1,
      "links": [],
      "nullPointMode": "null as zero",
      "percentage": false,
      "pointradius": 5,
      "points": false,
      "renderer": "flot",
      "seriesOverrides": [],
      "spaceLength": 10,
      "stack": false,
      "steppedLine": false,
      "targets": [
        {
          "datasource": {
            "uid": "$datasource"
          },
          "expr": "rate(prometheus_target_interval_length_seconds_sum{job=~\"$job\",instance=~\"$instance\"}[5m]) / rate(prometheus_target_interval_length_seconds_count{job=~\"$job\",instance=~\"$instance\"}[5m]) * 1e3",
          "format": "time_series",
          "intervalFactor": 2,
          "legendFormat": "{{interval}} configured",
          "refId": "A",
          "step": 10
        }
      ],
      "thresholds": [],
      "title": "Average Scrape Interval Duration",
      "tooltip": {
        "shared": true,
        "sort": 2,
        "value_type": "individual"
      },
      "type": "graph",
      "xaxis": {
        "mode": "time",
        "show": true,
        "values": []
      },
      "yaxes": [
        {
          "format": "ms",
          "logBase": 1,
          "min": 0,
          "show": true
        },
        {
          "format": "short",
          "logBase": 1,
          "show": false
        }
      ]
    },
    {
      "aliasColors": {},
      "bars": false,
      "dashLength": 10,
      "dashes": false,
      "datasource": {
        "uid": "$datasource"
      },
      "fill": 10,
      "gridPos": {
        "h": 7,
        "w": 8,
        "x": 8,
        "y": 17
      },
      "id": 5,
      "legend": {
        "avg": false,
        "current": false,
        "max": false,
        "min": false,
        "show": true,
        "total": false,
        "values": false
      },
      "lines": true,
      "linewidth": 0,
      "links": [],
      "nullPointMode": "null as zero",
      "percentage": false,
      "pointradius": 5,
      "points": false,
      "renderer": "flot",
      "seriesOverrides": [],
      "spaceLength": 10,
      "stack": true,
      "steppedLine": false,
      "targets": [
        {
          "datasource": {
            "uid": "$datasource"
          },
          "expr": "sum by (job) (rate(prometheus_target_scrapes_exceeded_body_size_limit_total[1m]))",
          "format": "time_series",
          "intervalFactor": 2,
          "legendFormat": "exceeded body size limit: {{job}}",
          "refId": "A",
          "step": 10
        },
        {
          "datasource": {
            "uid": "$datasource"
          },
          "expr": "sum by (job) (rate(prometheus_target_scrapes_exceeded_sample_limit_total[1m]))",
          "format": "time_series",
          "intervalFactor": 2,
          "legendFormat": "exceeded sample limit: {{job}}",
          "refId": "B",
          "step": 10
        },
        {
          "datasource": {
            "uid": "$datasource"
          },
          "expr": "sum by (job) (rate(prometheus_target_scrapes_sample_duplicate_timestamp_total[1m]))",
          "format": "time_series",
          "intervalFactor": 2,
          "legendFormat": "duplicate timestamp: {{job}}",
          "refId": "C",
          "step": 10
        },
        {
          "datasource": {
            "uid": "$datasource"
          },
          "expr": "sum by (job) (rate(prometheus_target_scrapes_sample_out_of_bounds_total[1m]))",
          "format": "time_series",
          "intervalFactor": 2,
          "legendFormat": "out of bounds: {{job}}",
          "refId": "D",
          "step": 10
        },
        {
          "datasource": {
            "uid": "$datasource"
          },
          "expr": "sum by (job) (rate(prometheus_target_scrapes_sample_out_of_order_total[1m]))",
          "format": "time_series",
          "intervalFactor": 2,
          "legendFormat": "out of order: {{job}}",
          "refId": "E",
          "step": 10
        }
      ],
      "thresholds": [],
      "title": "Scrape failures",
      "tooltip": {
        "shared": true,
        "sort": 2,
        "value_type": "individual"
      },
      "type": "graph",
      "xaxis": {
        "mode": "time",
        "show": true,
        "values": []
      },
      "yaxes": [
        {
          "format": "short",
          "logBase": 1,
          "min": 0,
          "show": true
        },
        {
          "format": "short",
          "logBase": 1,
          "show": false
        }
      ]
    },
    {
      "aliasColors": {},
      "bars": false,
      "dashLength": 10,
      "dashes": false,
      "datasource": {
        "uid": "$datasource"
      },
      "fill": 10,
      "gridPos": {
        "h": 7,
        "w": 8,
        "x": 16,
        "y": 17
      },
      "id": 6,
      "legend": {
        "avg": false,
        "current": false,
        "max": false,
        "min": false,
        "show": true,
        "total": false,
        "values": false
      },
      "lines": true,
      "linewidth": 0,
      "links": [],
      "nullPointMode": "null as zero",
      "percentage": false,
      "pointradius": 5,
      "points": false,
      "renderer": "flot",
      "seriesOverrides": [],
      "spaceLength": 10,
      "stack": true,
      "steppedLine": false,
      "targets": [
        {
          "datasource": {
            "uid": "$datasource"
          },
          "expr": "rate(prometheus_tsdb_head_samples_appended_total{job=~\"$job\",instance=~\"$instance\"}[5m])",
          "format": "time_series",
          "intervalFactor": 2,
          "legendFormat": "{{job}} {{instance}}",
          "refId": "A",
          "step": 10
        }
      ],
      "thresholds": [],
      "title": "Appended Samples",
      "tooltip": {
        "shared": true,
        "sort": 2,
        "value_type": "individual"
      },
      "type": "graph",
      "xaxis": {
        "mode": "time",
        "show": true,
        "values": []
      },
      "yaxes": [
        {
          "format": "short",
          "logBase": 1,
          "min": 0,
          "show": true
        },
        {
          "format": "short",
          "logBase": 1,
          "show": false
        }
      ]
    },
    {
      "collapsed": false,
      "datasource": {
        "type": "prometheus",
        "uid": "prometheus"
      },
      "gridPos": {
        "h": 1,
        "w": 24,
        "x": 0,
        "y": 24
      },
      "id": 14,
      "panels": [],
      "targets": [
        {
          "datasource": {
            "type": "prometheus",
            "uid": "prometheus"
          },
          "refId": "A"
        }
      ],
      "title": "Storage",
      "type": "row"
    },
    {
      "aliasColors": {},
      "bars": false,
      "dashLength": 10,
      "dashes": false,
      "datasource": {
        "uid": "$datasource"
      },
      "fill": 10,
      "gridPos": {
        "h": 7,
        "w": 12,
        "x": 0,
        "y": 25
      },
      "id": 7,
      "legend": {
        "avg": false,
        "current": false,
        "max": false,
        "min": false,
        "show": true,
        "total": false,
        "values": false
      },
      "lines": true,
      "linewidth": 0,
      "links": [],
      "nullPointMode": "null as zero",
      "percentage": false,
      "pointradius": 5,
      "points": false,
      "renderer": "flot",
      "seriesOverrides": [],
      "spaceLength": 10,
      "stack": true,
      "steppedLine": false,
      "targets": [
        {
          "datasource": {
            "uid": "$datasource"
          },
          "expr": "prometheus_tsdb_head_series{job=~\"$job\",instance=~\"$instance\"}",
          "format": "time_series",
          "intervalFactor": 2,
          "legendFormat": "{{job}} {{instance}} head series",
          "refId": "A",
          "step": 10
        }
      ],
      "thresholds": [],
      "title": "Head Series",
      "tooltip": {
        "shared": true,
        "sort": 2,
        "value_type": "individual"
      },
      "type": "graph",
      "xaxis": {
        "mode": "time",
        "show": true,
        "values": []
      },
      "yaxes": [
        {
          "format": "short",
          "logBase": 1,
          "min": 0,
          "show": true
        },
        {
          "format": "short",
          "logBase": 1,
          "show": false
        }
      ]
    },
    {
      "aliasColors": {},
      "bars": false,
      "dashLength": 10,
      "dashes": false,
      "datasource": {
        "uid": "$datasource"
      },
      "fill": 10,
      "gridPos": {
        "h": 7,
        "w": 12,
        "x": 12,
        "y": 25
      },
      "id": 8,
      "legend": {
        "avg": false,
        "current": false,
        "max": false,
        "min": false,
        "show": true,
        "total": false,
        "values": false
      },
      "lines": true,
      "linewidth": 0,
      "links": [],
      "nullPointMode": "null as zero",
      "percentage": false,
      "pointradius": 5,
      "points": false,
      "renderer": "flot",
      "seriesOverrides": [],
      "spaceLength": 10,
      "stack": true,
      "steppedLine": false,
      "targets": [
        {
          "datasource": {
            "uid": "$datasource"
          },
          "expr": "prometheus_tsdb_head_chunks{job=~\"$job\",instance=~\"$instance\"}",
          "format": "time_series",
          "intervalFactor": 2,
          "legendFormat": "{{job}} {{instance}} head chunks",
          "refId": "A",
          "step": 10
        }
      ],
      "thresholds": [],
      "title": "Head Chunks",
      "tooltip": {
        "shared": true,
        "sort": 2,
        "value_type": "individual"
      },
      "type": "graph",
      "xaxis": {
        "mode": "time",
        "show": true,
        "values": []
      },
      "yaxes": [
        {
          "format": "short",
          "logBase": 1,
          "min": 0,
          "show": true
        },
        {
          "format": "short",
          "logBase": 1,
          "show": false
        }
      ]
    },
    {
      "collapsed": false,
      "datasource": {
        "type": "prometheus",
        "uid": "prometheus"
      },
      "gridPos": {
        "h": 1,
        "w": 24,
        "x": 0,
        "y": 32
      },
      "id": 15,
      "panels": [],
      "targets": [
        {
          "datasource": {
            "type": "prometheus",
            "uid": "prometheus"
          },
          "refId": "A"
        }
      ],
      "title": "Query",
      "type": "row"
    },
    {
      "aliasColors": {},
      "bars": false,
      "dashLength": 10,
      "dashes": false,
      "datasource": {
        "uid": "$datasource"
      },
      "fill": 10,
      "gridPos": {
        "h": 7,
        "w": 12,
        "x": 0,
        "y": 33
      },
      "id": 9,
      "legend": {
        "avg": false,
        "current": false,
        "max": false,
        "min": false,
        "show": true,
        "total": false,
        "values": false
      },
      "lines": true,
      "linewidth": 0,
      "links": [],
      "nullPointMode": "null as zero",
      "percentage": false,
      "pointradius": 5,
      "points": false,
      "renderer": "flot",
      "seriesOverrides": [],
      "spaceLength": 10,
      "stack": true,
      "steppedLine": false,
      "targets": [
        {
          "datasource": {
            "uid": "$datasource"
          },
          "expr": "rate(prometheus_engine_query_duration_seconds_count{job=~\"$job\",instance=~\"$instance\",slice=\"inner_eval\"}[5m])",
          "format": "time_series",
          "intervalFactor": 2,
          "legendFormat": "{{job}} {{instance}}",
          "refId": "A",
          "step": 10
        }
      ],
      "thresholds": [],
      "title": "Query Rate",
      "tooltip": {
        "shared": true,
        "sort": 2,
        "value_type": "individual"
      },
      "type": "graph",
      "xaxis": {
        "mode": "time",
        "show": true,
        "values": []
      },
      "yaxes": [
        {
          "format": "short",
          "logBase": 1,
          "min": 0,
          "show": true
        },
        {
          "format": "short",
          "logBase": 1,
          "show": false
        }
      ]
    },
    {
      "aliasColors": {},
      "bars": false,
      "dashLength": 10,
      "dashes": false,
      "datasource": {
        "uid": "$datasource"
      },
      "fill": 10,
      "gridPos": {
        "h": 7,
        "w": 12,
        "x": 12,
        "y": 33
      },
      "id": 10,
      "legend": {
        "avg": false,
        "current": false,
        "max": false,
        "min": false,
        "show": true,
        "total": false,
        "values": false
      },
      "lines": true,
      "linewidth": 0,
      "links": [],
      "nullPointMode": "null as zero",
      "percentage": false,
      "pointradius": 5,
      "points": false,
      "renderer": "flot",
      "seriesOverrides": [],
      "spaceLength": 10,
      "stack": true,
      "steppedLine": false,
      "targets": [
        {
          "datasource": {
            "uid": "$datasource"
          },
          "expr": "max by (slice) (prometheus_engine_query_duration_seconds{quantile=\"0.9\",job=~\"$job\",instance=~\"$instance\"}) * 1e3",
          "format": "time_series",
          "intervalFactor": 2,
          "legendFormat": "{{slice}}",
          "refId": "A",
          "step": 10
        }
      ],
      "thresholds": [],
      "title": "Stage Duration",
      "tooltip": {
        "shared": true,
        "sort": 2,
        "value_type": "individual"
      },
      "type": "graph",
      "xaxis": {
        "mode": "time",
        "show": true,
        "values": []
      },
      "yaxes": [
        {
          "format": "ms",
          "logBase": 1,
          "min": 0,
          "show": true
        },
        {
          "format": "short",
          "logBase": 1,
          "show": false
        }
      ]
    }
  ],
  "refresh": "60s",
  "schemaVersion": 36,
  "style": "dark",
  "tags": [
    "prometheus-mixin"
  ],
  "templating": {
    "list": [
      {
        "current": {
          "selected": false,
          "text": "default",
          "value": "default"
        },
        "hide": 0,
        "includeAll": false,
        "label": "Data Source",
        "multi": false,
        "name": "datasource",
        "options": [],
        "query": "prometheus",
        "refresh": 1,
        "regex": "",
        "skipUrlSync": false,
        "type": "datasource"
      },
      {
        "allValue": ".+",
        "current": {},
        "datasource": {
          "type": "prometheus",
          "uid": "$datasource"
        },
        "definition": "",
        "hide": 0,
        "includeAll": true,
        "label": "job",
        "multi": true,
        "name": "job",
        "options": [],
        "query": {
          "query": "label_values(prometheus_build_info{job=\"prometheus-k8s\",namespace=\"monitoring\"}, job)",
          "refId": "Prometheus-job-Variable-Query"
        },
        "refresh": 1,
        "regex": "",
        "skipUrlSync": false,
        "sort": 2,
        "tagValuesQuery": "",
        "tagsQuery": "",
        "type": "query",
        "useTags": false
      },
      {
        "allValue": ".+",
        "current": {},
        "datasource": {
          "type": "prometheus",
          "uid": "$datasource"
        },
        "definition": "",
        "hide": 0,
        "includeAll": true,
        "label": "instance",
        "multi": true,
        "name": "instance",
        "options": [],
        "query": {
          "query": "label_values(prometheus_build_info{job=~\"$job\"}, instance)",
          "refId": "Prometheus-instance-Variable-Query"
        },
        "refresh": 1,
        "regex": "",
        "skipUrlSync": false,
        "sort": 2,
        "tagValuesQuery": "",
        "tagsQuery": "",
        "type": "query",
        "useTags": false
      }
    ]
  },
  "time": {
    "from": "now-1h",
    "to": "now"
  },
  "timepicker": {
    "refresh_intervals": [
      "5s",
      "10s",
      "30s",
      "1m",
      "5m",
      "15m",
      "30m",
      "1h",
      "2h",
      "1d"
    ],
    "time_options": [
      "5m",
      "15m",
      "1h",
      "6h",
      "12h",
      "24h",
      "2d",
      "7d",
      "30d"
    ]
  },
  "timezone": "utc",
  "title": "Prometheus / Overview",
  "uid": "h9UjU9ZVk",
  "version": 1,
  "weekStart": ""
}